DateTime,Elec_SH,Elec_DHW,Heat_SH,Heat_DHW,OutdoorTemperature,Trial_indicator
10/3/2024,4.8428,1.225,24.9181,3.0301,12.36666667,0
10/4/2024,6.3014,1.144,30.2861,2.8506,11.025,0
10/5/2024,4.5577,1.6802,23.7835,4.2936,12.0875,0
10/6/2024,3.2108,2.3105,18.0156,5.8544,13.45,0
10/7/2024,2.4304,1.7152,13.4556,4.6369,14.82083333,0
10/8/2024,2.131,2.902,11.5253,6.748,14.65833333,0
10/9/2024,2.8157,1.8442,15.8626,4.9522,13.99583333,0
10/10/2024,6.3909,1.9276,33.0449,4.6241,10.44166667,0
10/11/2024,10.395,2.0871,45.0196,4.9006,7.85,0
10/12/2024,6.4458,1.7665,33.63,4.6412,10.42083333,0
10/13/2024,7.7738,4.5057,38.6188,10.8339,9.058333333,0
10/14/2024,7.2963,2.5148,39.5341,6.4925,10.07916667,0
10/15/2024,3.6133,4.4448,20.6617,10.9642,13.37083333,0
10/16/2024,1.5902,1.7413,9.0927,5.186,16.72083333,0
10/17/2024,1.5438,1.6732,7.7372,4.3663,15.55416667,0
10/18/2024,4.3986,1.6519,23.1548,3.8869,11.97916667,0
10/19/2024,2.7047,2.7182,15.0476,7.2066,13.87916667,0
10/20/2024,2.9791,2.2904,16.7224,6.4921,13.8875,0
10/21/2024,4.6458,2.1803,26.3676,5.7272,12.55,0
10/22/2024,4.6363,3.939,25.3423,8.4033,12.225,0
10/23/2024,3.4129,1.7791,19.1958,4.7552,13.64583333,0
10/24/2024,4.6167,1.4976,24.4776,3.8906,12.45833333,0
10/25/2024,2.944,1.5259,17.2793,4.1936,13.92916667,0
10/26/2024,4.9687,2.2267,27.2296,5.5406,11.75833333,0
10/27/2024,6.1403,2.4901,32.2702,6.1669,10.83333333,0
10/28/2024,3.8874,1.8536,22.214,4.9375,13.45416667,0
10/29/2024,2.5757,3.5182,14.201,8.6688,14.2875,0
10/30/2024,3.7494,3.3232,20.4863,8.5862,12.94166667,0
10/31/2024,7.1833,2.3362,36.4117,5.6801,9.791666667,0
11/1/2024,6.5225,1.8235,36.4159,4.2597,11.0125,0
11/2/2024,5.067,2.2107,28.4728,5.5765,12.57083333,0
11/3/2024,4.9284,2.8838,27.6025,7.1746,12.3,0
11/4/2024,5.8189,2.8075,31.7813,6.9279,11.45,0
11/5/2024,5.4663,4.7189,28.9738,10.7813,11.2625,0
11/6/2024,6.2667,2.5194,33.8591,6.0323,10.48333333,0
11/7/2024,5.4642,2.837,29.6115,6.9373,10.62916667,0
11/8/2024,8.1231,3.0608,41.7838,7.2862,9.591666667,0
11/9/2024,9.1297,3.1914,44.7747,7.3037,8.95,0
11/10/2024,8.309,2.9598,43.3542,7.2685,9.583333333,0
11/11/2024,7.897,2.7853,40.704,6.4692,10.00416667,0
11/12/2024,8.0962,3.7358,40.5895,7.9624,9.3375,0
11/13/2024,7.931,2.9244,40.1267,6.9716,9.491666667,0
11/14/2024,7.1052,2.4182,37.4693,5.5746,10.4,0
11/15/2024,9.1161,2.4657,44.8845,5.3122,8.825,0
11/16/2024,9.0809,2.937,46.4415,7.0834,8.466666667,0
11/17/2024,8.6834,3.0542,43.4244,7.0447,9.0875,0
11/18/2024,10.2317,2.6586,50.9968,5.9756,8.004166667,0
11/19/2024,16.7178,6.0678,63.0442,12.3753,4.958333333,0
11/20/2024,21.4399,3.1858,78.6133,6.9678,2.808333333,0
11/21/2024,27.2014,3.2046,89.7961,6.7126,1.433333333,0
11/22/2024,21.459,3.145,81.7949,6.8036,4.0625,0
11/23/2024,11.2735,3.0255,54.7603,7.5831,8.3625,0
11/24/2024,3.661,2.9833,21.0952,8.1442,15.23333333,0
11/25/2024,7.5336,4.7419,38.078,11.3427,9.858333333,0
11/26/2024,11.8895,5.1162,51.637,10.3822,6.629166667,0
11/27/2024,13.2303,3.2254,59.8416,7.304,5.891666667,0
11/28/2024,22.8087,2.6674,79.6718,5.7158,3.020833333,0
11/29/2024,15.4385,2.583,67.208,5.6973,5.779166667,0
11/30/2024,6.4537,3.0416,37.4866,7.6521,11.3625,0
12/1/2024,5.1022,3.1385,28.7709,8.2528,11.94583333,0
12/2/2024,8.7328,2.9101,44.6166,6.6648,9.6875,0
12/3/2024,11.4338,5.7964,52.906,12.0569,6.65,0
12/4/2024,13.1254,2.8026,60.3626,6.3621,6.508333333,0
12/5/2024,6.7776,2.9569,39.0138,7.5382,11.44166667,0
12/6/2024,10.5623,3.0654,50.4513,7.1257,8.395833333,0
12/7/2024,11.6766,2.9571,56.7722,6.5745,8.079166667,0
12/8/2024,12.1918,3.6752,58.018,8.3676,7.029166667,0
12/9/2024,12.1609,3.2322,59.9515,7.6534,7.204166667,0
12/10/2024,12.548,6.5349,60.435,14.4816,6.7,0
12/11/2024,13.4429,3.2174,63.8248,7.7263,6.425,0
12/12/2024,12.5045,3.2463,61.1743,8.2553,6.7625,0
12/13/2024,13.5933,3.2365,63.7981,7.7942,6.429166667,0
12/14/2024,12.0714,3.216,57.8969,7.3989,6.483333333,0
12/15/2024,9.4202,3.0198,49.1106,7.6844,9.020833333,0
12/16/2024,8.0656,2.7702,43.5921,6.4824,10.49166667,0
12/17/2024,9.1256,5.3613,47.6503,11.8085,8.683333333,0
12/18/2024,5.9001,2.953,33.7921,7.5149,12.40833333,0
12/19/2024,11.882,3.1934,55.7356,7.2298,7.341666667,0
12/20/2024,14.9659,2.4858,64.1541,5.5789,6.0375,0
12/21/2024,10.9688,2.937,55.5969,7.0332,8.1125,0
12/22/2024,14.7932,3.2092,63.4934,7.2144,6.2625,0
12/23/2024,14.374,3.2272,65.7923,7.3649,6.129166667,0
12/24/2024,8.8398,4.1777,47.3441,9.1204,9.404166667,0
12/25/2024,5.5807,0,28.9766,0,9.6375,0
12/26/2024,10.9612,4.8117,53.2823,10.6566,7.7625,0
12/27/2024,13.0228,2.5185,61.9172,5.5412,6.7,0
12/28/2024,14.5283,3.6477,64.6204,8.2008,6.0125,0
12/29/2024,9.2278,0,41.6876,0,6.1375,0
12/30/2024,6.6718,0,35.9997,0,8.025,0
12/31/2024,6.2845,0,35.0772,0,9.825,0
1/1/2025,11.6128,4.3602,57.4899,10.6223,9.433333333,0
1/2/2025,21.896,4.0962,80.6535,8.7529,3.6125,0
1/3/2025,27.3244,4.0761,90.0708,8.4535,1.316666667,0
1/4/2025,27.0957,3.6959,89.8581,8.2164,1.579166667,0
1/5/2025,15.7882,3.7292,64.9697,8.7459,7.1,0
1/6/2025,14.8578,3.7953,62.5065,8.9657,7.129166667,0
1/7/2025,22.585,6.7514,77.4273,13.4239,3.029166667,0
1/8/2025,28.5266,3.4643,91.6187,7.7179,1.341666667,0
1/9/2025,26.5422,4.296,89.8471,9.3382,1.879166667,0
1/10/2025,36.8833,3.6597,105.2649,7.1677,-1.2375,0
1/11/2025,36.1591,4.4027,104.5463,9.3649,-0.858333333,0
1/12/2025,33.2223,5.1974,98.3174,10.5873,0.845833333,0
1/13/2025,21.1644,3.7099,80.917,8.1352,4.5625,0
1/14/2025,15.2875,5.6973,63.2859,10.8749,6.5,0
1/15/2025,9.4929,4.0483,51.1106,9.7868,9.1625,0
1/16/2025,11.9817,3.9091,57.6191,9.2266,7.5125,0
1/17/2025,13.8991,3.2282,62.3995,6.7597,6.1,0
1/18/2025,19.9575,4.5286,72.8221,9.9506,3.8125,0
1/19/2025,19.7524,4.6591,74.7816,9.9428,4.070833333,0
1/20/2025,18.8223,3.6263,73.1411,7.9623,4.566666667,0
1/21/2025,17.6216,6.3566,67.5934,12.5548,4.558333333,0
1/22/2025,18.6072,4.3074,70.5107,9.2862,4.370833333,0
1/23/2025,18.1467,3.2907,73.3824,7.0645,4.8625,0
1/24/2025,10.9251,3.6172,55.5937,8.4438,8.583333333,0
1/25/2025,15.6942,3.3635,64.6012,6.9699,5.808333333,0
1/26/2025,16.3245,4.272,69.5995,9.1451,4.941666667,0
1/27/2025,12.2272,4.0627,58.8328,9.3579,7.495833333,0
1/28/2025,9.7375,5.2553,50.7157,11.2177,8.470833333,0
1/29/2025,12.9608,4.0911,59.4042,8.9414,6.566666667,0
1/30/2025,16.1576,3.561,66.8947,7.7094,5.229166667,0
1/31/2025,13.3646,3.1969,63.2514,6.8667,6.041666667,0
2/1/2025,13.3084,4.4561,61.2832,10.0889,6.004166667,0
2/2/2025,18.7231,6.8372,65.7888,14.3598,3.725,0
2/3/2025,16.2792,3.0289,69.923,6.5654,4.85,0
2/4/2025,10.4517,6.211,54.3731,13.6854,8.125,0
2/5/2025,14.6596,3.9972,63.2145,8.9627,6.083333333,0
2/6/2025,16.4835,3.11,66.6397,6.4033,4.075,0
2/7/2025,21.0454,3.0908,79.7606,6.1867,3.308333333,0
2/8/2025,15.5527,4.2652,69.8864,9.4213,4.920833333,0
2/9/2025,17.9032,6.022,71.8193,13.7928,4.425,0
2/10/2025,19.6685,3.649,76.6189,7.744,3.925,0
2/11/2025,17.07,7.491,69.5878,15.3822,4.3125,0
2/12/2025,15.527,4.2339,64.9447,9.3455,4.945833333,0
2/13/2025,18.6803,4.205,75.5501,9.0356,4.220833333,0
2/14/2025,18.0852,3.4194,73.7506,7.0249,3.7125,0
2/15/2025,17.0579,3.842,71.8019,8.2988,4.354166667,0
2/16/2025,19.3235,4.413,75.9579,9.5159,3.441666667,0
2/17/2025,22.1531,4.3692,81.3449,9.3322,2.329166667,0
2/18/2025,18.7193,7.5113,72.9448,14.5415,2.916666667,0
2/19/2025,15.8032,3.868,67.8698,8.461,5.258333333,0
2/20/2025,7.9346,2.3114,44.7176,6.3775,11.375,0
2/21/2025,6.0193,3.6435,32.8738,9.3372,12.90833333,0
2/22/2025,7.4928,3.1785,39.4556,7.23,10.93333333,0
2/23/2025,8.4719,3.3837,44.6673,7.7258,9.495833333,0
2/24/2025,7.4871,3.529,38.6641,8.394,10.35833333,0
2/25/2025,8.5529,5.43,40.9634,11.6461,8.729166667,0
2/26/2025,13.3958,3.4689,57.7383,7.2775,5.908333333,0
2/27/2025,11.7501,3.4154,55.4227,7.7071,6.7,0
2/28/2025,15.5429,1.4779,61.5121,2.877,5.029166667,0
3/1/2025,16.2626,2.9702,63.9259,6.2825,4.7875,0
3/2/2025,16.5996,3.1394,64.4196,6.6172,4.795833333,0
3/3/2025,15.984,1.3404,63.3587,2.8646,5.283333333,0
3/4/2025,13.2448,5.3894,53.2927,9.9085,6.166666667,0
3/5/2025,12.8967,1.6697,52.2837,3.2655,6.920833333,0
3/6/2025,9.997,2.9571,41.1926,7.0001,9.725,0
3/7/2025,5.7112,2.6087,26.78,5.962,12.3375,0
3/8/2025,6.0593,2.3984,27.2845,5.4896,11.525,0
3/9/2025,5.3265,2.5711,23.724,6.1089,12.1875,0
3/10/2025,7.7114,3.1814,36.861,7.1061,9.408333333,0
3/11/2025,9.8485,5.1457,45.47,10.2298,7.15,0
3/12/2025,12.4774,3.9197,54.8417,8.6802,6.3625,0
3/13/2025,14.6983,3.335,62.4641,6.8555,5.0375,0
3/14/2025,15.2368,3.1868,60.6774,6.6341,5.004166667,0
3/15/2025,14.4508,3.8601,62.7393,8.451,5.25,0
3/16/2025,14.5352,4.3929,63.9059,9.3564,5.341666667,0
3/17/2025,12.5333,3.4702,60.4007,8.106,6.279166667,0
3/18/2025,12.123,5.5908,53.2226,11.2344,6.358333333,0
3/19/2025,9.9643,1.5831,41.4075,3.1135,9.379166667,0
3/20/2025,4.3087,1.5489,19.305,3.5029,13.68333333,0
3/21/2025,0.1768,3.2218,0,7.6066,12.99166667,0
3/22/2025,0.1735,1.2161,0,2.9042,13.5375,0
3/23/2025,5.7659,1.2938,31.2101,2.8826,10.5875,0
3/24/2025,9.2497,2.9862,45.1249,6.5935,8.741666667,0
3/25/2025,7.0282,4.6799,34.6493,9.2262,10.1,0
3/26/2025,5.3565,3.0386,25.3642,7.1601,12.3,0
3/27/2025,4.7382,3.1965,23.0202,7.3206,9.495833333,0
3/28/2025,7.0202,2.7464,34.4203,6.3576,11.0625,0
3/29/2025,8.2612,2.7644,38.9425,6.3188,9.820833333,0
3/30/2025,4.6437,1.4249,21.3814,3.2712,12.95,0
3/31/2025,6.1719,0,26.6991,0,11.24583333,0
4/1/2025,6.5858,3.4394,29.6922,6.8751,9.908333333,0
4/2/2025,6.1239,0,28.0014,0,11.17916667,0
4/3/2025,4.5003,0,20.0731,0,13.89583333,0
4/4/2025,3.331,0,12.9873,0,15.225,0
4/5/2025,5.7279,1.2682,26.0721,2.9818,11.1625,0
4/6/2025,6.0152,1.4501,26.3212,3.2749,9.95,0
4/7/2025,6.4327,1.3852,29.4035,3.1338,10.0625,0
4/8/2025,0.2649,3.7931,0.164,7.2272,10.79166667,0
4/9/2025,3.096,0,13.6369,0,9.05,0
4/10/2025,8.1782,2.2084,38.8116,5.1009,9.854166667,0
4/11/2025,4.2563,1.1177,18.2712,2.7974,13.45833333,0
4/12/2025,0.1818,0,0,0,15.10833333,0
4/13/2025,0.1684,0,0,0,13.5875,0
4/14/2025,0.2086,0,0,0,11.75833333,0
4/15/2025,0.1686,0,0,0,11.99583333,0
4/16/2025,2.8113,0,13.7169,0,11.2125,0
4/17/2025,3.3554,1.2554,15.5576,2.8858,11.68333333,0
4/18/2025,4.9411,0,24.0076,0,13.49583333,0
4/19/2025,4.5068,1.8537,21.1058,4.4376,12.725,0
4/20/2025,2.7221,0,11.7836,0,10.68333333,0
4/21/2025,4.0797,1.8818,22.2541,4.3688,11.81666667,0
4/22/2025,5.1846,3.9226,24.2759,8.0334,12.1375,0
4/23/2025,6.085,2.0403,30.923,4.7355,11.25416667,0
4/24/2025,5.7469,1.8191,27.9885,4.1542,11.42083333,0
4/25/2025,5.1001,1.3899,23.2104,3.1699,11.64166667,0
4/26/2025,4.2222,2.0644,19.483,5.1616,12.56666667,0
4/27/2025,3.1384,1.3448,12.3063,3.3741,14.88333333,0
4/28/2025,0.1689,0,0,0,16.67916667,0
4/29/2025,0.2026,2.4824,0.002,4.9515,16.725,0
4/30/2025,0.1689,0,0,0,17.74583333,0
5/1/2025,0.169,0,0,0,19.7875,0
5/2/2025,0.169,0,0,0,18.79583333,0
5/3/2025,0.1696,0,0,0,15.65833333,0
5/4/2025,0.2095,1.7534,0.1289,3.9522,11.42916667,0
5/5/2025,0.3675,2.5196,0.438,5.9889,9.870833333,0
5/6/2025,5.9669,4.5748,29.6934,9.7744,10.59583333,0
5/7/2025,6.0682,1.2016,29.3163,2.8318,11.77083333,0
5/8/2025,4.6934,1.3311,21.5202,3.0146,12.3875,0
5/9/2025,4.2588,0,18,0,12.85,0
5/10/2025,1.9725,0,7.408,0,15.79166667,0
5/11/2025,0.169,0,0,0,18.225,0
5/12/2025,0.1689,0,0,0,19.93333333,0
5/13/2025,0.2136,2.1726,0.002,4.651,18.85416667,0
5/14/2025,0.1691,0,0,0,15.95,0
5/15/2025,0.1661,1.4798,0,3.4162,12.14583333,0
5/16/2025,0.1691,0,0,0,13.34583333,0
5/17/2025,0.1689,0,0,0,13.8125,0
5/18/2025,0.1719,2.0303,0,4.9591,13.28333333,0
5/19/2025,0.1734,1.1804,0,2.9551,14.34583333,0
5/20/2025,0.2064,2.5542,0.002,5.2701,15.42916667,0
5/21/2025,0.1739,1.0563,0,2.5604,15.38333333,0
5/22/2025,0.2537,1.2682,0.196,2.8448,12.43333333,0
5/23/2025,0.3228,0,0.38,0,14.57916667,0
5/24/2025,0.1726,1.4906,0,3.9752,16.5625,0
5/25/2025,0.1739,0.9872,0,2.3882,16.71666667,0
5/26/2025,0.1734,1.2255,0,2.9152,15.05,0
5/27/2025,0.2258,3.3121,0.003,7.8632,15.05416667,0
5/28/2025,0.1691,0,0,0,17.475,0
5/29/2025,0.1787,1.6411,0,4.6129,19.2,0
5/30/2025,0.169,0,0,0,20.16666667,0
5/31/2025,0.1689,0,0,0,21.05416667,0
6/1/2025,0.1691,0,0,0,18.24166667,0
6/2/2025,0.1689,0,0,0,18.1625,0
6/3/2025,0.2186,2.8768,0.002,6.5022,14.76666667,0
6/4/2025,0.1689,0,0,0,15.74583333,0
6/5/2025,0.172,1.841,0,4.6794,14.5125,0
6/6/2025,0.1689,0,0,0,15.31666667,0
6/7/2025,0.1729,1.4746,0,3.5846,14.68333333,0
6/8/2025,0.1736,1.1388,0,2.7335,14.91666667,0
6/9/2025,0.1734,1.1262,0,2.7802,16.5625,0
6/10/2025,0.2356,2.8255,0.002,6.5904,17.95,0
6/11/2025,0.1726,1.3828,0,3.6094,17.31666667,0
6/12/2025,0.2023,0.5184,0,1.4116,19.71666667,0
6/13/2025,0.169,0,0,0,22.53333333,0
6/14/2025,0.1691,0,0,0,20.8,0
6/15/2025,0.1689,0,0,0,19.93333333,0
6/16/2025,0.1689,0,0,0,21.2625,0
6/17/2025,0.2186,1.5025,0.003,3.3006,21.74583333,0
6/18/2025,0.169,0,0,0,22.85833333,0
6/19/2025,0.1689,0,0,0,24.14583333,0
6/20/2025,0.1693,0,0,0,23.48333333,0
6/21/2025,0.1692,0,0,0,25.1625,0
6/22/2025,0.1691,0,0,0,22.86666667,0
6/23/2025,0.169,0,0,0,19.75416667,0
6/24/2025,0.21,1.6465,0.002,3.6229,19.79583333,0
6/25/2025,0.1689,0,0,0,22.5625,0
6/26/2025,0.1691,0,0,0,21.01666667,0
6/27/2025,0.1689,0,0,0,21.12916667,0
6/28/2025,0.1696,0,0,0,23.7625,0
6/29/2025,0.1752,0.2848,0,0.7824,23.775,0
6/30/2025,0.1865,0.3558,0,0.9651,26.20833333,0
7/1/2025,0.2315,1.1567,0,2.9266,27.51666667,0
7/2/2025,0.1732,1.1986,0,3.2172,20.1,0
7/3/2025,0.1689,0,0,0,20.15416667,0
7/4/2025,0.1691,0,0,0,21.22083333,0
7/5/2025,0.1724,1.4176,0,3.8321,19.90833333,0
7/6/2025,0.1731,1.2118,0,3.1021,19.43333333,0
7/7/2025,0.1691,0,0,0,18.15,0
7/8/2025,0.2141,1.9714,0.002,4.2132,19.63333333,0
7/9/2025,0.1689,0,0,0,20.89166667,0
7/10/2025,0.1691,0,0,0,24.79583333,0
7/11/2025,0.1676,0,0,0,26.03333333,0
7/12/2025,0.1578,0,0,0,24.825,0
7/13/2025,0.1692,0,0,0,22.39583333,0
7/14/2025,0.1689,0,0,0,22.26666667,0
7/15/2025,0.2146,1.6799,0.001,3.5758,19.55,0
7/16/2025,0.1689,0,0,0,20.325,0
7/17/2025,0.1691,0,0,0,21.64166667,0
7/18/2025,0.1689,0,0,0,24.075,0
7/19/2025,0.1736,1.1088,0,3.0014,20.4625,0
7/20/2025,0.1726,1.4053,0,3.73,19.05833333,0
7/21/2025,0.1689,0,0,0,19.5125,0
7/22/2025,0.232,2.6352,0,6.2256,19.39166667,0
7/23/2025,0.1734,1.1182,0,2.8528,20.02083333,0
7/24/2025,0.1729,1.3539,0,3.4975,19.3375,0
7/25/2025,0.1689,0,0,0,22.35833333,0
7/26/2025,0.1734,1.1799,0,3.0689,19.98333333,0
7/27/2025,0.1729,1.3355,0,3.4412,19.4,0
7/28/2025,0.1689,0,0,0,20.23333333,0
7/29/2025,0.227,2.9919,0,7.0684,18.34583333,0
7/30/2025,0.2082,0.6399,0,1.6952,20.18333333,0
7/31/2025,0.1721,1.4135,0,3.8455,19.61666667,0
8/1/2025,0.1691,0,0,0,17.65833333,0
8/2/2025,0.1722,1.5274,0,3.9626,17.45416667,0
8/3/2025,0.1733,1.1493,0,3.1356,19.05,0
8/4/2025,0.169,0,0,0,19.58333333,0
8/5/2025,0.169,0,0,0,18.8,0
8/6/2025,0.1691,0,0,0,19.07916667,0
8/7/2025,0.1689,0,0,0,19.83333333,0
8/8/2025,0.1691,0,0,0,20.95416667,0
8/9/2025,0.1689,0,0,0,19.64583333,0
8/10/2025,0.1691,0,0,0,20.67916667,0
8/11/2025,0.1689,0,0,0,22.8625,0
8/12/2025,0.1691,0,0,0,24.825,0
8/13/2025,0.1689,0,0,0,22.75416667,0
8/14/2025,0.1691,0,0,0,22.4375,0
8/15/2025,0.1689,0,0,0,23.34166667,0
8/16/2025,0.1726,1.4459,0,3.7358,18.90416667,0
8/17/2025,0.1691,0,0,0,19.9375,0
8/18/2025,0.1733,1.2052,0,3.1721,19.29166667,0
8/19/2025,0.2335,1.7818,0.004,4.1926,19.45833333,0
8/20/2025,0.1713,1.9872,0,5.2229,17.07083333,0
8/21/2025,0.1726,1.4346,0,3.6112,16.76666667,0
8/22/2025,0.1691,0,0,0,16.94166667,0
8/23/2025,0.1689,0,0,0,19.29166667,0
8/24/2025,0.1691,0,0,0,19.3,0
8/25/2025,0.169,0,0,0,20.50416667,0
8/26/2025,0.169,0,0,0,20.0125,0
8/27/2025,0.1736,1.0776,0,2.758,19.15,0
8/28/2025,0.1691,0,0,0,18.22083333,0
8/29/2025,0.1706,1.9669,0,5.2214,16.83333333,0
8/30/2025,0.1721,1.5022,0,3.887,17.58333333,0
8/31/2025,0.1709,2.1764,0,5.6241,17.925,0
9/1/2025,0.1734,1.2348,0,3.0546,16.9625,0
9/2/2025,0.2141,3.3002,0,7.3984,16.225,0
9/3/2025,0.1721,1.5688,0,4.2741,18.03333333,0
9/4/2025,0.1724,1.6546,0,4.0988,16.075,0
9/5/2025,0.1689,0,0,0,16.22916667,0
9/6/2025,0.1739,0.9984,0,2.5549,17.52916667,0
9/7/2025,0.1689,0,0,0,20.27916667,0
9/8/2025,0.1691,0,0,0,18.10833333,0
9/9/2025,0.2024,2.5682,0,5.2505,16.86666667,0
9/10/2025,0.1731,1.3111,0,3.3401,16.4375,0
9/11/2025,0.1734,1.2762,0,3.0108,14.65416667,0
9/12/2025,0.1691,0,0,0,14.4,0
9/13/2025,0.1719,1.9795,0,4.8462,14.07916667,0
9/14/2025,0.1706,2.3919,0,6.1542,13.70833333,0
9/15/2025,0.1717,1.9541,0,4.8458,15.85833333,0
9/16/2025,0.8188,2.7141,3.565,5.8921,15.7125,0
9/17/2025,0.1719,1.6478,0,4.3521,16.225,0
9/18/2025,0.1571,1.921,0,5.5335,18.73333333,0
9/19/2025,0.1841,0.6132,0,1.675,19.775,0
9/20/2025,0.1721,1.5854,0,4.3575,17.05416667,0
9/21/2025,0.1734,1.3634,0,3.1992,13.54166667,0
9/22/2025,2.1675,1.1614,10.6681,2.7164,11.92083333,0
9/23/2025,5.541,3.0251,27.0477,5.7819,11.69583333,0
9/24/2025,2.6182,1.5854,13.1881,3.8524,13.4,0
9/25/2025,0.1736,1.1368,0,2.7438,13.66666667,0
9/26/2025,1.9703,1.6312,10.772,3.9536,12.9,0
9/27/2025,1.7937,2.0527,9.23,5.1641,14.71666667,0
9/28/2025,2.23,2.3476,12.2227,6.1491,13.29166667,0
9/29/2025,5.0858,1.6426,24.3887,3.9818,12.52916667,0
9/30/2025,3.7521,2.8812,17.3078,5.8058,13.3125,0
10/1/2025,3.4371,2.097,17.0725,5.4459,13.49583333,0
10/2/2025,2.1466,2.0194,10.851,5.2668,14.99583333,0
10/3/2025,1.837,1.6534,9.484,4.469,15.92916667,0
10/4/2025,3.767,2.1648,19.458,5.0748,13.37083333,0
10/5/2025,3.7799,2.3099,18.794,5.8515,13.65416667,0
10/6/2025,2.6595,1.0181,13.237,2.6046,14.99583333,0
10/7/2025,1.0844,3.5048,4.897,8,14.6875,0
10/8/2025,2.2449,2.7029,11.597,7.3765,14.97083333,0
10/9/2025,4.532,2.4739,23.098,6.0294,12.9625,0
10/10/2025,2.9144,1.6883,15.702,4.2321,14.48333333,0
10/11/2025,4.1517,2.236,21.108,5.4085,13.02083333,0
10/12/2025,6.1028,2.7741,29.9999,6.9505,10.62916667,0
10/13/2025,3.2149,2.1324,17.752,5.301,13.775,0
10/14/2025,4.2754,4.6134,22.6613,10.9762,12.40416667,0
10/15/2025,4.5911,2.7791,23.5878,6.9442,12.10833333,0
10/16/2025,4.1376,2.5287,21.7776,6.3716,13.0625,0
10/17/2025,3.895,2.3596,20.715,5.7486,13.425,0
10/18/2025,4.2863,2.6605,21.88,6.6488,12.95,0
10/19/2025,3.454,2.4155,18.528,6.1108,13.74166667,0
10/20/2025,3.1726,2.2284,17.793,5.796,13.74583333,0
10/21/2025,3.5262,4.3854,18.4157,10.5512,13.0875,0
10/22/2025,5.4114,2.6413,28.1006,6.613,11.625,0
10/23/2025,7.3246,3.0286,37.8728,7.4725,9.941666667,0
10/24/2025,9.7895,3.8849,48.4196,8.7522,8.970833333,0
10/25/2025,7.9234,1.7985,37.9373,4.063,9.783333333,0
10/26/2025,10.9579,6.4804,50.668,14.4598,8.433333333,0
10/27/2025,8.9979,1.7002,41.5289,3.763,11.5875,1
10/28/2025,5.5575,4.7271,27.9134,10.7938,12.79166667,1
10/29/2025,7.014,3.7547,32.9948,8.9114,11.5875,1
10/30/2025,7.4046,3.0226,36.6209,7.1714,9.629166667,1
10/31/2025,4.9952,4.3942,26.2575,11.0079,14.175,1
11/1/2025,6.1233,2.9477,29.9049,6.9694,12.99166667,1
11/2/2025,7.1994,2.7002,32.7157,6.2965,9.395833333,1
11/3/2025,4.0015,4.2558,22.2125,9.8798,12.55416667,1
11/4/2025,2.2235,3.8574,12.3436,9.4565,14.74583333,1
11/5/2025,0.4371,4.8746,1.703,12.641,15.55,1
11/6/2025,0.8305,4.1842,3.9734,10.0845,14.96666667,1
11/7/2025,1.4812,3.4445,8.0348,8.5913,14.0625,1
11/8/2025,2.0148,1.6522,10.7274,3.9004,12.5875,1
11/9/2025,4.3846,2.9398,20.7951,7.382,10.92916667,1
11/10/2025,2.65,3.9754,15.2062,9.9258,12.2875,1
11/11/2025,6.1319,5.2756,24.6124,11.5982,11.77916667,1
11/12/2025,3.7337,4.3905,19.9605,10.7509,14.37083333,1
11/13/2025,2.1398,2.2167,11.6295,5.3339,14.175,1
11/14/2025,2.1808,3.0594,12.649,7.4388,13.275,1
11/15/2025,1.6802,6.1914,9.151,14.8927,12.225,1
11/16/2025,8.4585,2.4024,33.6947,5.4487,9.475,1
11/17/2025,18.5733,6.1128,72.4273,12.574,6.408333333,1
11/18/2025,28.6718,3.8559,92.4172,7.8882,4.570833333,1
11/19/2025,24.518,2.3558,86.7634,4.868,4.304166667,1
11/20/2025,32.5831,4.5229,102.4856,8.8825,2.4125,1
11/21/2025,28.539,5.8078,89.5947,11.4631,2.8875,1
11/22/2025,17.6215,2.0809,67.4534,4.1784,5.7125,1
11/23/2025,12.4531,6.962,52.6745,15.102,8,1
11/24/2025,14.8896,2.6437,63.4406,5.4946,6.254166667,1
11/25/2025,22.9007,3.754,84.5585,7.5689,5.6125,1
11/26/2025,24.9459,5.7451,72.7558,11.63,5.129166667,1
11/27/2025,7.3671,1.9638,39.1373,4.5658,11.60833333,1
11/28/2025,6.8069,5.9255,33.6913,13.668,10.3625,1
11/29/2025,8.2895,8.6669,37.8486,19.5523,9.4375,1
11/30/2025,14.2626,5.7483,57.0967,12.573,6.045833333,1
12/1/2025,10.0746,2.0795,51.0499,4.654,9.916666667,1
12/2/2025,8.2873,6.9235,38.209,15.2017,9.445833333,1
12/3/2025,13.4042,1.9903,57.3824,4.3863,6.916666667,1
12/4/2025,13.5983,5.9947,61.4282,12.9171,7.195833333,1
12/5/2025,22.0933,1.5725,76.1823,3.2469,5.341666667,1
12/6/2025,8.3124,6.6355,39.2701,15.4848,10.20833333,1
12/7/2025,6.5476,2.0521,32.6317,5.0055,10.72083333,1
12/8/2025,5.8179,3.8919,31.0271,9.1665,11.87916667,1
12/9/2025,3.6637,5.242,19.5232,13.056,12.6875,1
12/10/2025,7.1126,5.6831,34.5526,13.3859,10.72083333,1
12/11/2025,8.3713,4.1019,40.8947,9.2948,9.7375,1
12/12/2025,6.9379,2.3527,36.9707,5.1835,10.63333333,1
12/13/2025,11.1641,2.8895,48.2319,6.3468,6.7125,1
12/14/2025,10.1726,4.7989,49.1602,10.5368,8.525,1
12/15/2025,7.6967,2.7276,39.0523,6.4385,10.86666667,1
12/16/2025,6.4964,3.2312,33.0548,7.7395,9.941666667,1
12/17/2025,17.4274,3.6498,62.5243,8.58,6.370833333,1
12/18/2025,7.8004,4.983,43.0352,12.0768,10.97083333,1
12/19/2025,9.4574,2.0269,45.3877,4.4325,8.3125,1
12/20/2025,13.7472,2.746,56.9443,6.1338,5.8625,1
12/21/2025,8.2967,5.5916,43.109,13.3872,9.625,1
12/22/2025,7.2364,4.0316,36.5109,9.1445,9.6125,1
12/23/2025,9.796,7.3956,45.5858,16.1742,7.0375,1
12/24/2025,16.6395,2.2718,71.697,4.7862,4.820833333,1
12/25/2025,18.7627,3.629,76.1813,7.7838,3.520833333,1
12/26/2025,17.2857,5.4685,71.2543,11.8832,4.245833333,1
12/27/2025,19.0518,7.3532,71.5538,15.7608,4.75,1
12/28/2025,12.4907,3.9525,60.6511,8.3645,6.475,1
12/29/2025,16.4564,6.7472,64.0209,14.4975,5.6875,1
12/30/2025,13.9274,2.0755,61.141,4.2395,4.866666667,1
12/31/2025,12.9214,0,50.1025,0,2.858333333,1
